ad_id,platform,brand,ad_format,creative_theme,cta_type,audience_segment,language,budget_daily_inr,bid_strategy,ad_copy_length_words,has_price_mention,has_offer_mention,has_expert_mention,has_urgency_words,has_emoji_in_copy,video_duration_seconds,days_active,month_launched,is_own_brand,impressions,clicks,installs,spent_inr,ctr,cpi_inr,d0_removal_rate,d1_retention_rate,d7_retention_rate,purchase_within_7d_rate,onboarding_completion_rate,avg_session_duration_seconds,install_quality_score
AD_1001,Facebook,FirstCry,Carousel,Discount,Shop Now,Parents_0_3,English,15000,Target_CPA,12,1,1,0,1,1,0,10,1,0,400000,28000,2800,45000.0,0.07,16.1,0.55,0.15,0.04,0.08,0.5,90,35
AD_1002,Instagram,MamEarth_Baby,Video,UGC,Shop Now,Eco_Moms,English,10000,Max_Conversions,20,0,0,0,0,1,30,10,1,0,200000,6000,600,30000.0,0.03,50.0,0.3,0.3,0.15,0.1,0.7,150,65
AD_1003,YouTube,Pampers_India,Video,Emotional,Learn More,New_Parents,English,12000,Target_CPM,15,0,0,0,0,1,60,10,1,0,500000,12500,1250,36000.0,0.025,28.8,0.25,0.35,0.2,0.05,0.75,180,70
AD_1004,Facebook,Huggies_India,Image,Lifestyle,Learn More,New_Parents,English,11000,Max_Clicks,18,0,0,0,0,1,0,10,1,0,450000,10800,1080,33000.0,0.024,30.6,0.24,0.34,0.18,0.06,0.72,160,68
AD_1005,Google_Search,PharmEasy_Baby,Text,Doctor_Expert,Book Now,Health_Moms,English,5000,Target_ROAS,30,1,0,1,1,0,0,10,1,0,80000,1200,120,15000.0,0.015,125.0,0.1,0.55,0.35,0.15,0.85,300,90
AD_1006,Facebook,Healofy,Image,Community,Install App,Vernacular,Hindi,4000,Target_CPA,22,0,0,0,0,1,0,10,1,0,50000,2000,200,12000.0,0.04,60.0,0.15,0.45,0.25,0.08,0.8,210,80
AD_1007,Instagram,BabyChakra,Carousel,Testimonial,Install App,Expecting,English,6000,Target_CPA,35,0,0,0,0,1,0,10,1,0,100000,3500,350,18000.0,0.035,51.4,0.2,0.4,0.22,0.09,0.78,190,75
AD_1008,Google_Search,Pregakem,Text,Educational,Learn More,TTC_Women,English,3000,Max_Conversions,28,0,0,1,0,0,0,10,1,0,30000,600,60,9000.0,0.02,150.0,0.08,0.6,0.4,0.2,0.9,350,95
AD_1009,Instagram,HealthKart_Women,Video,Ingredient_Science,Shop Now,Wellness,English,8000,Target_ROAS,25,1,0,1,0,0,45,10,1,0,120000,3000,300,24000.0,0.025,80.0,0.18,0.42,0.28,0.12,0.82,240,85
AD_1010,YouTube,Himalaya_BabyCare,Video,Heritage_Trust,Shop Now,Parents_0_3,English,9000,Target_CPA,16,0,0,1,0,0,30,10,1,0,250000,5000,500,27000.0,0.02,54.0,0.12,0.5,0.32,0.1,0.84,260,88
AD_1011,Facebook,FirstCry,Carousel,Discount,Shop Now,Parents_0_3,English,15000,Target_CPA,12,1,1,0,1,1,0,11,2,0,404000,28280,2828,49500.0,0.07,17.5,0.55,0.15,0.04,0.08,0.5,90,35
AD_1012,Instagram,MamEarth_Baby,Video,UGC,Shop Now,Eco_Moms,English,10000,Max_Conversions,20,0,0,0,0,1,30,11,2,0,202000,6060,606,33000.0,0.03,54.5,0.3,0.3,0.15,0.1,0.7,150,65
AD_1013,YouTube,Pampers_India,Video,Emotional,Learn More,New_Parents,English,12000,Target_CPM,15,0,0,0,0,1,60,11,2,0,505000,12625,1262,39600.0,0.025,31.4,0.25,0.35,0.2,0.05,0.75,180,70
AD_1014,Facebook,Huggies_India,Image,Lifestyle,Learn More,New_Parents,English,11000,Max_Clicks,18,0,0,0,0,1,0,11,2,0,454500,10908,1090,36300.0,0.024,33.3,0.24,0.34,0.18,0.06,0.72,160,68
AD_1015,Google_Search,PharmEasy_Baby,Text,Doctor_Expert,Book Now,Health_Moms,English,5000,Target_ROAS,30,1,0,1,1,0,0,11,2,0,80800,1212,121,16500.0,0.015,136.4,0.1,0.55,0.35,0.15,0.85,300,90
AD_1016,Facebook,Healofy,Image,Community,Install App,Vernacular,Tamil,4000,Target_CPA,22,0,0,0,0,1,0,11,2,0,50500,2020,202,13200.0,0.04,65.3,0.15,0.45,0.25,0.08,0.8,210,80
AD_1017,Instagram,BabyChakra,Carousel,Testimonial,Install App,Expecting,English,6000,Target_CPA,35,0,0,0,0,1,0,11,2,0,101000,3535,353,19800.0,0.035,56.1,0.2,0.4,0.22,0.09,0.78,190,75
AD_1018,Google_Search,Pregakem,Text,Educational,Learn More,TTC_Women,English,3000,Max_Conversions,28,0,0,1,0,0,0,11,2,0,30300,606,60,9900.0,0.02,165.0,0.08,0.6,0.4,0.2,0.9,350,95
AD_1019,Instagram,HealthKart_Women,Video,Ingredient_Science,Shop Now,Wellness,English,8000,Target_ROAS,25,1,0,1,0,0,45,11,2,0,121200,3030,303,26400.0,0.025,87.1,0.18,0.42,0.28,0.12,0.82,240,85
AD_1020,YouTube,Himalaya_BabyCare,Video,Heritage_Trust,Shop Now,Parents_0_3,English,9000,Target_CPA,16,0,0,1,0,0,30,11,2,0,252500,5050,505,29700.0,0.02,58.8,0.12,0.5,0.32,0.1,0.84,260,88
AD_1021,Facebook,FirstCry,Carousel,Discount,Shop Now,Parents_0_3,English,15000,Target_CPA,12,1,1,0,1,1,0,12,3,0,408000,28560,2856,54000.0,0.07,18.9,0.55,0.15,0.04,0.08,0.5,90,35
AD_1022,Instagram,MamEarth_Baby,Video,UGC,Shop Now,Eco_Moms,English,10000,Max_Conversions,20,0,0,0,0,1,30,12,3,0,204000,6120,612,36000.0,0.03,58.8,0.3,0.3,0.15,0.1,0.7,150,65
AD_1023,YouTube,Pampers_India,Video,Emotional,Learn More,New_Parents,English,12000,Target_CPM,15,0,0,0,0,1,60,12,3,0,510000,12750,1275,43200.0,0.025,33.9,0.25,0.35,0.2,0.05,0.75,180,70
AD_1024,Facebook,Huggies_India,Image,Lifestyle,Learn More,New_Parents,English,11000,Max_Clicks,18,0,0,0,0,1,0,12,3,0,459000,11016,1101,39600.0,0.024,36.0,0.24,0.34,0.18,0.06,0.72,160,68
AD_1025,Google_Search,PharmEasy_Baby,Text,Doctor_Expert,Book Now,Health_Moms,English,5000,Target_ROAS,30,1,0,1,1,0,0,12,3,0,81600,1224,122,18000.0,0.015,147.5,0.1,0.55,0.35,0.15,0.85,300,90
AD_1026,Facebook,Healofy,Image,Community,Install App,Vernacular,Telugu,4000,Target_CPA,22,0,0,0,0,1,0,12,3,0,51000,2040,204,14400.0,0.04,70.6,0.15,0.45,0.25,0.08,0.8,210,80
AD_1027,Instagram,BabyChakra,Carousel,Testimonial,Install App,Expecting,English,6000,Target_CPA,35,0,0,0,0,1,0,12,3,0,102000,3570,357,21600.0,0.035,60.5,0.2,0.4,0.22,0.09,0.78,190,75
AD_1028,Google_Search,Pregakem,Text,Educational,Learn More,TTC_Women,English,3000,Max_Conversions,28,0,0,1,0,0,0,12,3,0,30600,612,61,10800.0,0.02,177.0,0.08,0.6,0.4,0.2,0.9,350,95
AD_1029,Instagram,HealthKart_Women,Video,Ingredient_Science,Shop Now,Wellness,English,8000,Target_ROAS,25,1,0,1,0,0,45,12,3,0,122400,3060,306,28800.0,0.025,94.1,0.18,0.42,0.28,0.12,0.82,240,85
AD_1030,YouTube,Himalaya_BabyCare,Video,Heritage_Trust,Shop Now,Parents_0_3,English,9000,Target_CPA,16,0,0,1,0,0,30,12,3,0,255000,5100,510,32400.0,0.02,63.5,0.12,0.5,0.32,0.1,0.84,260,88
AD_1031,Facebook,FirstCry,Carousel,Discount,Shop Now,Parents_0_3,English,15000,Target_CPA,12,1,1,0,1,1,0,13,4,0,412000,28840,2884,58500.0,0.07,20.3,0.55,0.15,0.04,0.08,0.5,90,35
AD_1032,Instagram,MamEarth_Baby,Video,UGC,Shop Now,Eco_Moms,English,10000,Max_Conversions,20,0,0,0,0,1,30,13,4,0,206000,6180,618,39000.0,0.03,63.1,0.3,0.3,0.15,0.1,0.7,150,65
AD_1033,YouTube,Pampers_India,Video,Emotional,Learn More,New_Parents,English,12000,Target_CPM,15,0,0,0,0,1,60,13,4,0,515000,12875,1287,46800.0,0.025,36.4,0.25,0.35,0.2,0.05,0.75,180,70
AD_1034,Facebook,Huggies_India,Image,Lifestyle,Learn More,New_Parents,English,11000,Max_Clicks,18,0,0,0,0,1,0,13,4,0,463500,11124,1112,42900.0,0.024,38.6,0.24,0.34,0.18,0.06,0.72,160,68
AD_1035,Google_Search,PharmEasy_Baby,Text,Doctor_Expert,Book Now,Health_Moms,English,5000,Target_ROAS,30,1,0,1,1,0,0,13,4,0,82400,1236,123,19500.0,0.015,158.5,0.1,0.55,0.35,0.15,0.85,300,90
AD_1036,Facebook,Healofy,Image,Community,Install App,Vernacular,Hindi,4000,Target_CPA,22,0,0,0,0,1,0,13,4,0,51500,2060,206,15600.0,0.04,75.7,0.15,0.45,0.25,0.08,0.8,210,80
AD_1037,Instagram,BabyChakra,Carousel,Testimonial,Install App,Expecting,English,6000,Target_CPA,35,0,0,0,0,1,0,13,4,0,103000,3605,360,23400.0,0.035,65.0,0.2,0.4,0.22,0.09,0.78,190,75
AD_1038,Google_Search,Pregakem,Text,Educational,Learn More,TTC_Women,English,3000,Max_Conversions,28,0,0,1,0,0,0,13,4,0,30900,618,61,11700.0,0.02,191.8,0.08,0.6,0.4,0.2,0.9,350,95
AD_1039,Instagram,HealthKart_Women,Video,Ingredient_Science,Shop Now,Wellness,English,8000,Target_ROAS,25,1,0,1,0,0,45,13,4,0,123600,3090,309,31200.0,0.025,101.0,0.18,0.42,0.28,0.12,0.82,240,85
AD_1040,YouTube,Himalaya_BabyCare,Video,Heritage_Trust,Shop Now,Parents_0_3,English,9000,Target_CPA,16,0,0,1,0,0,30,13,4,0,257500,5150,515,35100.0,0.02,68.2,0.12,0.5,0.32,0.1,0.84,260,88
AD_1041,Facebook,FirstCry,Carousel,Discount,Shop Now,Parents_0_3,English,15000,Target_CPA,12,1,1,0,1,1,0,14,5,0,416000,29120,2912,63000.0,0.07,21.6,0.55,0.15,0.04,0.08,0.5,90,35
AD_1042,Instagram,MamEarth_Baby,Video,UGC,Shop Now,Eco_Moms,English,10000,Max_Conversions,20,0,0,0,0,1,30,14,5,0,208000,6240,624,42000.0,0.03,67.3,0.3,0.3,0.15,0.1,0.7,150,65
AD_1043,YouTube,Pampers_India,Video,Emotional,Learn More,New_Parents,English,12000,Target_CPM,15,0,0,0,0,1,60,14,5,0,520000,13000,1300,50400.0,0.025,38.8,0.25,0.35,0.2,0.05,0.75,180,70
AD_1044,Facebook,Huggies_India,Image,Lifestyle,Learn More,New_Parents,English,11000,Max_Clicks,18,0,0,0,0,1,0,14,5,0,468000,11232,1123,46200.0,0.024,41.1,0.24,0.34,0.18,0.06,0.72,160,68
AD_1045,Google_Search,PharmEasy_Baby,Text,Doctor_Expert,Book Now,Health_Moms,English,5000,Target_ROAS,30,1,0,1,1,0,0,14,5,0,83200,1248,124,21000.0,0.015,169.4,0.1,0.55,0.35,0.15,0.85,300,90
AD_1046,Facebook,Healofy,Image,Community,Install App,Vernacular,Tamil,4000,Target_CPA,22,0,0,0,0,1,0,14,5,0,52000,2080,208,16800.0,0.04,80.8,0.15,0.45,0.25,0.08,0.8,210,80
AD_1047,Instagram,BabyChakra,Carousel,Testimonial,Install App,Expecting,English,6000,Target_CPA,35,0,0,0,0,1,0,14,5,0,104000,3640,364,25200.0,0.035,69.2,0.2,0.4,0.22,0.09,0.78,190,75
AD_1048,Google_Search,Pregakem,Text,Educational,Learn More,TTC_Women,English,3000,Max_Conversions,28,0,0,1,0,0,0,14,5,0,31200,624,62,12600.0,0.02,203.2,0.08,0.6,0.4,0.2,0.9,350,95
AD_1049,Instagram,HealthKart_Women,Video,Ingredient_Science,Shop Now,Wellness,English,8000,Target_ROAS,25,1,0,1,0,0,45,14,5,0,124800,3120,312,33600.0,0.025,107.7,0.18,0.42,0.28,0.12,0.82,240,85
AD_1050,YouTube,Himalaya_BabyCare,Video,Heritage_Trust,Shop Now,Parents_0_3,English,9000,Target_CPA,16,0,0,1,0,0,30,14,5,0,260000,5200,520,37800.0,0.02,72.7,0.12,0.5,0.32,0.1,0.84,260,88
AD_1051,Facebook,FirstCry,Carousel,Discount,Shop Now,Parents_0_3,English,15000,Target_CPA,12,1,1,0,1,1,0,15,6,0,420000,29400,2940,67500.0,0.07,23.0,0.55,0.15,0.04,0.08,0.5,90,35
AD_1052,Instagram,MamEarth_Baby,Video,UGC,Shop Now,Eco_Moms,English,10000,Max_Conversions,20,0,0,0,0,1,30,15,6,0,210000,6300,630,45000.0,0.03,71.4,0.3,0.3,0.15,0.1,0.7,150,65
AD_1053,YouTube,Pampers_India,Video,Emotional,Learn More,New_Parents,English,12000,Target_CPM,15,0,0,0,0,1,60,15,6,0,525000,13125,1312,54000.0,0.025,41.2,0.25,0.35,0.2,0.05,0.75,180,70
AD_1054,Facebook,Huggies_India,Image,Lifestyle,Learn More,New_Parents,English,11000,Max_Clicks,18,0,0,0,0,1,0,15,6,0,472500,11340,1134,49500.0,0.024,43.7,0.24,0.34,0.18,0.06,0.72,160,68
AD_1055,Google_Search,PharmEasy_Baby,Text,Doctor_Expert,Book Now,Health_Moms,English,5000,Target_ROAS,30,1,0,1,1,0,0,15,6,0,84000,1260,126,22500.0,0.015,178.6,0.1,0.55,0.35,0.15,0.85,300,90
AD_1056,Facebook,Healofy,Image,Community,Install App,Vernacular,Telugu,4000,Target_CPA,22,0,0,0,0,1,0,15,6,0,52500,2100,210,18000.0,0.04,85.7,0.15,0.45,0.25,0.08,0.8,210,80
AD_1057,Instagram,BabyChakra,Carousel,Testimonial,Install App,Expecting,English,6000,Target_CPA,35,0,0,0,0,1,0,15,6,0,105000,3675,367,27000.0,0.035,73.6,0.2,0.4,0.22,0.09,0.78,190,75
AD_1058,Google_Search,Pregakem,Text,Educational,Learn More,TTC_Women,English,3000,Max_Conversions,28,0,0,1,0,0,0,15,6,0,31500,630,63,13500.0,0.02,214.3,0.08,0.6,0.4,0.2,0.9,350,95
AD_1059,Instagram,HealthKart_Women,Video,Ingredient_Science,Shop Now,Wellness,English,8000,Target_ROAS,25,1,0,1,0,0,45,15,6,0,126000,3150,315,36000.0,0.025,114.3,0.18,0.42,0.28,0.12,0.82,240,85
AD_1060,YouTube,Himalaya_BabyCare,Video,Heritage_Trust,Shop Now,Parents_0_3,English,9000,Target_CPA,16,0,0,1,0,0,30,15,6,0,262500,5250,525,40500.0,0.02,77.1,0.12,0.5,0.32,0.1,0.84,260,88
AD_1061,Facebook,FirstCry,Carousel,Discount,Shop Now,Parents_0_3,English,15000,Target_CPA,12,1,1,0,1,1,0,16,7,0,424000,29680,2968,72000.0,0.07,24.3,0.55,0.15,0.04,0.08,0.5,90,35
AD_1062,Instagram,MamEarth_Baby,Video,UGC,Shop Now,Eco_Moms,English,10000,Max_Conversions,20,0,0,0,0,1,30,16,7,0,212000,6360,636,48000.0,0.03,75.5,0.3,0.3,0.15,0.1,0.7,150,65
AD_1063,YouTube,Pampers_India,Video,Emotional,Learn More,New_Parents,English,12000,Target_CPM,15,0,0,0,0,1,60,16,7,0,530000,13250,1325,57600.0,0.025,43.5,0.25,0.35,0.2,0.05,0.75,180,70
AD_1064,Facebook,Huggies_India,Image,Lifestyle,Learn More,New_Parents,English,11000,Max_Clicks,18,0,0,0,0,1,0,16,7,0,477000,11448,1144,52800.0,0.024,46.2,0.24,0.34,0.18,0.06,0.72,160,68
AD_1065,Google_Search,PharmEasy_Baby,Text,Doctor_Expert,Book Now,Health_Moms,English,5000,Target_ROAS,30,1,0,1,1,0,0,16,7,0,84800,1272,127,24000.0,0.015,189.0,0.1,0.55,0.35,0.15,0.85,300,90
AD_1066,Facebook,Healofy,Image,Community,Install App,Vernacular,Hindi,4000,Target_CPA,22,0,0,0,0,1,0,16,7,0,53000,2120,212,19200.0,0.04,90.6,0.15,0.45,0.25,0.08,0.8,210,80
AD_1067,Instagram,BabyChakra,Carousel,Testimonial,Install App,Expecting,English,6000,Target_CPA,35,0,0,0,0,1,0,16,7,0,106000,3710,371,28800.0,0.035,77.6,0.2,0.4,0.22,0.09,0.78,190,75
AD_1068,Google_Search,Pregakem,Text,Educational,Learn More,TTC_Women,English,3000,Max_Conversions,28,0,0,1,0,0,0,16,7,0,31800,636,63,14400.0,0.02,228.6,0.08,0.6,0.4,0.2,0.9,350,95
AD_1069,Instagram,HealthKart_Women,Video,Ingredient_Science,Shop Now,Wellness,English,8000,Target_ROAS,25,1,0,1,0,0,45,16,7,0,127200,3180,318,38400.0,0.025,120.8,0.18,0.42,0.28,0.12,0.82,240,85
AD_1070,YouTube,Himalaya_BabyCare,Video,Heritage_Trust,Shop Now,Parents_0_3,English,9000,Target_CPA,16,0,0,1,0,0,30,16,7,0,265000,5300,530,43200.0,0.02,81.5,0.12,0.5,0.32,0.1,0.84,260,88
AD_1071,Facebook,FirstCry,Carousel,Discount,Shop Now,Parents_0_3,English,15000,Target_CPA,12,1,1,0,1,1,0,17,8,0,428000,29960,2996,76500.0,0.07,25.5,0.55,0.15,0.04,0.08,0.5,90,35
AD_1072,Instagram,MamEarth_Baby,Video,UGC,Shop Now,Eco_Moms,English,10000,Max_Conversions,20,0,0,0,0,1,30,17,8,0,214000,6420,642,51000.0,0.03,79.4,0.3,0.3,0.15,0.1,0.7,150,65
AD_1073,YouTube,Pampers_India,Video,Emotional,Learn More,New_Parents,English,12000,Target_CPM,15,0,0,0,0,1,60,17,8,0,535000,13375,1337,61200.0,0.025,45.8,0.25,0.35,0.2,0.05,0.75,180,70
AD_1074,Facebook,Huggies_India,Image,Lifestyle,Learn More,New_Parents,English,11000,Max_Clicks,18,0,0,0,0,1,0,17,8,0,481500,11556,1155,56100.0,0.024,48.6,0.24,0.34,0.18,0.06,0.72,160,68
AD_1075,Google_Search,PharmEasy_Baby,Text,Doctor_Expert,Book Now,Health_Moms,English,5000,Target_ROAS,30,1,0,1,1,0,0,17,8,0,85600,1284,128,25500.0,0.015,199.2,0.1,0.55,0.35,0.15,0.85,300,90
AD_1076,Facebook,Healofy,Image,Community,Install App,Vernacular,Tamil,4000,Target_CPA,22,0,0,0,0,1,0,17,8,0,53500,2140,214,20400.0,0.04,95.3,0.15,0.45,0.25,0.08,0.8,210,80
AD_1077,Instagram,BabyChakra,Carousel,Testimonial,Install App,Expecting,English,6000,Target_CPA,35,0,0,0,0,1,0,17,8,0,107000,3745,374,30600.0,0.035,81.8,0.2,0.4,0.22,0.09,0.78,190,75
AD_1078,Google_Search,Pregakem,Text,Educational,Learn More,TTC_Women,English,3000,Max_Conversions,28,0,0,1,0,0,0,17,8,0,32100,642,64,15300.0,0.02,239.1,0.08,0.6,0.4,0.2,0.9,350,95
AD_1079,Instagram,HealthKart_Women,Video,Ingredient_Science,Shop Now,Wellness,English,8000,Target_ROAS,25,1,0,1,0,0,45,17,8,0,128400,3210,321,40800.0,0.025,127.1,0.18,0.42,0.28,0.12,0.82,240,85
AD_1080,YouTube,Himalaya_BabyCare,Video,Heritage_Trust,Shop Now,Parents_0_3,English,9000,Target_CPA,16,0,0,1,0,0,30,17,8,0,267500,5350,535,45900.0,0.02,85.8,0.12,0.5,0.32,0.1,0.84,260,88
AD_1081,Facebook,FirstCry,Carousel,Discount,Shop Now,Parents_0_3,English,15000,Target_CPA,12,1,1,0,1,1,0,18,9,0,432000,30240,3024,81000.0,0.07,26.8,0.55,0.15,0.04,0.08,0.5,90,35
AD_1082,Instagram,MamEarth_Baby,Video,UGC,Shop Now,Eco_Moms,English,10000,Max_Conversions,20,0,0,0,0,1,30,18,9,0,216000,6480,648,54000.0,0.03,83.3,0.3,0.3,0.15,0.1,0.7,150,65
AD_1083,YouTube,Pampers_India,Video,Emotional,Learn More,New_Parents,English,12000,Target_CPM,15,0,0,0,0,1,60,18,9,0,540000,13500,1350,64800.0,0.025,48.0,0.25,0.35,0.2,0.05,0.75,180,70
AD_1084,Facebook,Huggies_India,Image,Lifestyle,Learn More,New_Parents,English,11000,Max_Clicks,18,0,0,0,0,1,0,18,9,0,486000,11664,1166,59400.0,0.024,50.9,0.24,0.34,0.18,0.06,0.72,160,68
AD_1085,Google_Search,PharmEasy_Baby,Text,Doctor_Expert,Book Now,Health_Moms,English,5000,Target_ROAS,30,1,0,1,1,0,0,18,9,0,86400,1296,129,27000.0,0.015,209.3,0.1,0.55,0.35,0.15,0.85,300,90
AD_1086,Facebook,Healofy,Image,Community,Install App,Vernacular,Telugu,4000,Target_CPA,22,0,0,0,0,1,0,18,9,0,54000,2160,216,21600.0,0.04,100.0,0.15,0.45,0.25,0.08,0.8,210,80
AD_1087,Instagram,BabyChakra,Carousel,Testimonial,Install App,Expecting,English,6000,Target_CPA,35,0,0,0,0,1,0,18,9,0,108000,3780,378,32400.0,0.035,85.7,0.2,0.4,0.22,0.09,0.78,190,75
AD_1088,Google_Search,Pregakem,Text,Educational,Learn More,TTC_Women,English,3000,Max_Conversions,28,0,0,1,0,0,0,18,9,0,32400,648,64,16200.0,0.02,253.1,0.08,0.6,0.4,0.2,0.9,350,95
AD_1089,Instagram,HealthKart_Women,Video,Ingredient_Science,Shop Now,Wellness,English,8000,Target_ROAS,25,1,0,1,0,0,45,18,9,0,129600,3240,324,43200.0,0.025,133.3,0.18,0.42,0.28,0.12,0.82,240,85
AD_1090,YouTube,Himalaya_BabyCare,Video,Heritage_Trust,Shop Now,Parents_0_3,English,9000,Target_CPA,16,0,0,1,0,0,30,18,9,0,270000,5400,540,48600.0,0.02,90.0,0.12,0.5,0.32,0.1,0.84,260,88
AD_1091,Facebook,FirstCry,Carousel,Discount,Shop Now,Parents_0_3,English,15000,Target_CPA,12,1,1,0,1,1,0,19,10,0,436000,30520,3052,85500.0,0.07,28.0,0.55,0.15,0.04,0.08,0.5,90,35
AD_1092,Instagram,MamEarth_Baby,Video,UGC,Shop Now,Eco_Moms,English,10000,Max_Conversions,20,0,0,0,0,1,30,19,10,0,218000,6540,654,57000.0,0.03,87.2,0.3,0.3,0.15,0.1,0.7,150,65
AD_1093,YouTube,Pampers_India,Video,Emotional,Learn More,New_Parents,English,12000,Target_CPM,15,0,0,0,0,1,60,19,10,0,545000,13625,1362,68400.0,0.025,50.2,0.25,0.35,0.2,0.05,0.75,180,70
AD_1094,Facebook,Huggies_India,Image,Lifestyle,Learn More,New_Parents,English,11000,Max_Clicks,18,0,0,0,0,1,0,19,10,0,490500,11772,1177,62700.0,0.024,53.3,0.24,0.34,0.18,0.06,0.72,160,68
AD_1095,Google_Search,PharmEasy_Baby,Text,Doctor_Expert,Book Now,Health_Moms,English,5000,Target_ROAS,30,1,0,1,1,0,0,19,10,0,87200,1308,130,28500.0,0.015,219.2,0.1,0.55,0.35,0.15,0.85,300,90
AD_1096,Facebook,Healofy,Image,Community,Install App,Vernacular,Hindi,4000,Target_CPA,22,0,0,0,0,1,0,19,10,0,54500,2180,218,22800.0,0.04,104.6,0.15,0.45,0.25,0.08,0.8,210,80
AD_1097,Instagram,BabyChakra,Carousel,Testimonial,Install App,Expecting,English,6000,Target_CPA,35,0,0,0,0,1,0,19,10,0,109000,3815,381,34200.0,0.035,89.8,0.2,0.4,0.22,0.09,0.78,190,75
AD_1098,Google_Search,Pregakem,Text,Educational,Learn More,TTC_Women,English,3000,Max_Conversions,28,0,0,1,0,0,0,19,10,0,32700,654,65,17100.0,0.02,263.1,0.08,0.6,0.4,0.2,0.9,350,95
AD_1099,Instagram,HealthKart_Women,Video,Ingredient_Science,Shop Now,Wellness,English,8000,Target_ROAS,25,1,0,1,0,0,45,19,10,0,130800,3270,327,45600.0,0.025,139.4,0.18,0.42,0.28,0.12,0.82,240,85
AD_1100,YouTube,Himalaya_BabyCare,Video,Heritage_Trust,Shop Now,Parents_0_3,English,9000,Target_CPA,16,0,0,1,0,0,30,19,10,0,272500,5450,545,51300.0,0.02,94.1,0.12,0.5,0.32,0.1,0.84,260,88
AD_1101,Facebook,FirstCry,Carousel,Discount,Shop Now,Parents_0_3,English,15000,Target_CPA,12,1,1,0,1,1,0,20,11,0,440000,30800,3080,90000.0,0.07,29.2,0.55,0.15,0.04,0.08,0.5,90,35
AD_1102,Instagram,MamEarth_Baby,Video,UGC,Shop Now,Eco_Moms,English,10000,Max_Conversions,20,0,0,0,0,1,30,20,11,0,220000,6600,660,60000.0,0.03,90.9,0.3,0.3,0.15,0.1,0.7,150,65
AD_1103,YouTube,Pampers_India,Video,Emotional,Learn More,New_Parents,English,12000,Target_CPM,15,0,0,0,0,1,60,20,11,0,550000,13750,1375,72000.0,0.025,52.4,0.25,0.35,0.2,0.05,0.75,180,70
AD_1104,Facebook,Huggies_India,Image,Lifestyle,Learn More,New_Parents,English,11000,Max_Clicks,18,0,0,0,0,1,0,20,11,0,495000,11880,1188,66000.0,0.024,55.6,0.24,0.34,0.18,0.06,0.72,160,68
AD_1105,Google_Search,PharmEasy_Baby,Text,Doctor_Expert,Book Now,Health_Moms,English,5000,Target_ROAS,30,1,0,1,1,0,0,20,11,0,88000,1320,132,30000.0,0.015,227.3,0.1,0.55,0.35,0.15,0.85,300,90
AD_1106,Facebook,Healofy,Image,Community,Install App,Vernacular,Tamil,4000,Target_CPA,22,0,0,0,0,1,0,20,11,0,55000,2200,220,24000.0,0.04,109.1,0.15,0.45,0.25,0.08,0.8,210,80
AD_1107,Instagram,BabyChakra,Carousel,Testimonial,Install App,Expecting,English,6000,Target_CPA,35,0,0,0,0,1,0,20,11,0,110000,3850,385,36000.0,0.035,93.5,0.2,0.4,0.22,0.09,0.78,190,75
AD_1108,Google_Search,Pregakem,Text,Educational,Learn More,TTC_Women,English,3000,Max_Conversions,28,0,0,1,0,0,0,20,11,0,33000,660,66,18000.0,0.02,272.7,0.08,0.6,0.4,0.2,0.9,350,95
AD_1109,Instagram,HealthKart_Women,Video,Ingredient_Science,Shop Now,Wellness,English,8000,Target_ROAS,25,1,0,1,0,0,45,20,11,0,132000,3300,330,48000.0,0.025,145.5,0.18,0.42,0.28,0.12,0.82,240,85
AD_1110,YouTube,Himalaya_BabyCare,Video,Heritage_Trust,Shop Now,Parents_0_3,English,9000,Target_CPA,16,0,0,1,0,0,30,20,11,0,275000,5500,550,54000.0,0.02,98.2,0.12,0.5,0.32,0.1,0.84,260,88
AD_1111,Facebook,FirstCry,Carousel,Discount,Shop Now,Parents_0_3,English,15000,Target_CPA,12,1,1,0,1,1,0,21,12,0,444000,31080,3108,94500.0,0.07,30.4,0.55,0.15,0.04,0.08,0.5,90,35
AD_1112,Instagram,MamEarth_Baby,Video,UGC,Shop Now,Eco_Moms,English,10000,Max_Conversions,20,0,0,0,0,1,30,21,12,0,222000,6660,666,63000.0,0.03,94.6,0.3,0.3,0.15,0.1,0.7,150,65
AD_1113,YouTube,Pampers_India,Video,Emotional,Learn More,New_Parents,English,12000,Target_CPM,15,0,0,0,0,1,60,21,12,0,555000,13875,1387,75600.0,0.025,54.5,0.25,0.35,0.2,0.05,0.75,180,70
AD_1114,Facebook,Huggies_India,Image,Lifestyle,Learn More,New_Parents,English,11000,Max_Clicks,18,0,0,0,0,1,0,21,12,0,499500,11988,1198,69300.0,0.024,57.8,0.24,0.34,0.18,0.06,0.72,160,68
AD_1115,Google_Search,PharmEasy_Baby,Text,Doctor_Expert,Book Now,Health_Moms,English,5000,Target_ROAS,30,1,0,1,1,0,0,21,12,0,88800,1332,133,31500.0,0.015,236.8,0.1,0.55,0.35,0.15,0.85,300,90
AD_1116,Facebook,Healofy,Image,Community,Install App,Vernacular,Telugu,4000,Target_CPA,22,0,0,0,0,1,0,21,12,0,55500,2220,222,25200.0,0.04,113.5,0.15,0.45,0.25,0.08,0.8,210,80
AD_1117,Instagram,BabyChakra,Carousel,Testimonial,Install App,Expecting,English,6000,Target_CPA,35,0,0,0,0,1,0,21,12,0,111000,3885,388,37800.0,0.035,97.4,0.2,0.4,0.22,0.09,0.78,190,75
AD_1118,Google_Search,Pregakem,Text,Educational,Learn More,TTC_Women,English,3000,Max_Conversions,28,0,0,1,0,0,0,21,12,0,33300,666,66,18900.0,0.02,286.4,0.08,0.6,0.4,0.2,0.9,350,95
AD_1119,Instagram,HealthKart_Women,Video,Ingredient_Science,Shop Now,Wellness,English,8000,Target_ROAS,25,1,0,1,0,0,45,21,12,0,133200,3330,333,50400.0,0.025,151.4,0.18,0.42,0.28,0.12,0.82,240,85
AD_1120,YouTube,Himalaya_BabyCare,Video,Heritage_Trust,Shop Now,Parents_0_3,English,9000,Target_CPA,16,0,0,1,0,0,30,21,12,0,277500,5550,555,56700.0,0.02,102.2,0.12,0.5,0.32,0.1,0.84,260,88
AD_1121,Facebook,FirstCry,Carousel,Discount,Shop Now,Parents_0_3,English,15000,Target_CPA,12,1,1,0,1,1,0,22,1,0,448000,31360,3136,99000.0,0.07,31.6,0.55,0.15,0.04,0.08,0.5,90,35
AD_1122,Instagram,MamEarth_Baby,Video,UGC,Shop Now,Eco_Moms,English,10000,Max_Conversions,20,0,0,0,0,1,30,22,1,0,224000,6720,672,66000.0,0.03,98.2,0.3,0.3,0.15,0.1,0.7,150,65
AD_1123,YouTube,Pampers_India,Video,Emotional,Learn More,New_Parents,English,12000,Target_CPM,15,0,0,0,0,1,60,22,1,0,560000,14000,1400,79200.0,0.025,56.6,0.25,0.35,0.2,0.05,0.75,180,70
AD_1124,Facebook,Huggies_India,Image,Lifestyle,Learn More,New_Parents,English,11000,Max_Clicks,18,0,0,0,0,1,0,22,1,0,504000,12096,1209,72600.0,0.024,60.0,0.24,0.34,0.18,0.06,0.72,160,68
AD_1125,Google_Search,PharmEasy_Baby,Text,Doctor_Expert,Book Now,Health_Moms,English,5000,Target_ROAS,30,1,0,1,1,0,0,22,1,0,89600,1344,134,33000.0,0.015,246.3,0.1,0.55,0.35,0.15,0.85,300,90
AD_1126,Facebook,Healofy,Image,Community,Install App,Vernacular,Hindi,4000,Target_CPA,22,0,0,0,0,1,0,22,1,0,56000,2240,224,26400.0,0.04,117.9,0.15,0.45,0.25,0.08,0.8,210,80
AD_1127,Instagram,BabyChakra,Carousel,Testimonial,Install App,Expecting,English,6000,Target_CPA,35,0,0,0,0,1,0,22,1,0,112000,3920,392,39600.0,0.035,101.0,0.2,0.4,0.22,0.09,0.78,190,75
AD_1128,Google_Search,Pregakem,Text,Educational,Learn More,TTC_Women,English,3000,Max_Conversions,28,0,0,1,0,0,0,22,1,0,33600,672,67,19800.0,0.02,295.5,0.08,0.6,0.4,0.2,0.9,350,95
AD_1129,Instagram,HealthKart_Women,Video,Ingredient_Science,Shop Now,Wellness,English,8000,Target_ROAS,25,1,0,1,0,0,45,22,1,0,134400,3360,336,52800.0,0.025,157.1,0.18,0.42,0.28,0.12,0.82,240,85
AD_1130,YouTube,Himalaya_BabyCare,Video,Heritage_Trust,Shop Now,Parents_0_3,English,9000,Target_CPA,16,0,0,1,0,0,30,22,1,0,280000,5600,560,59400.0,0.02,106.1,0.12,0.5,0.32,0.1,0.84,260,88
AD_1131,Facebook,FirstCry,Carousel,Discount,Shop Now,Parents_0_3,English,15000,Target_CPA,12,1,1,0,1,1,0,23,2,0,451999,31639,3163,103500.0,0.07,32.7,0.55,0.15,0.04,0.08,0.5,90,35
AD_1132,Instagram,MamEarth_Baby,Video,UGC,Shop Now,Eco_Moms,English,10000,Max_Conversions,20,0,0,0,0,1,30,23,2,0,225999,6779,677,69000.0,0.03,101.9,0.3,0.3,0.15,0.1,0.7,150,65
AD_1133,YouTube,Pampers_India,Video,Emotional,Learn More,New_Parents,English,12000,Target_CPM,15,0,0,0,0,1,60,23,2,0,565000,14125,1412,82800.0,0.025,58.6,0.25,0.35,0.2,0.05,0.75,180,70
AD_1134,Facebook,Huggies_India,Image,Lifestyle,Learn More,New_Parents,English,11000,Max_Clicks,18,0,0,0,0,1,0,23,2,0,508499,12203,1220,75900.0,0.024,62.2,0.24,0.34,0.18,0.06,0.72,160,68
AD_1135,Google_Search,PharmEasy_Baby,Text,Doctor_Expert,Book Now,Health_Moms,English,5000,Target_ROAS,30,1,0,1,1,0,0,23,2,0,90399,1355,135,34500.0,0.015,255.6,0.1,0.55,0.35,0.15,0.85,300,90
AD_1136,Facebook,Healofy,Image,Community,Install App,Vernacular,Tamil,4000,Target_CPA,22,0,0,0,0,1,0,23,2,0,56499,2259,225,27600.0,0.04,122.7,0.15,0.45,0.25,0.08,0.8,210,80
AD_1137,Instagram,BabyChakra,Carousel,Testimonial,Install App,Expecting,English,6000,Target_CPA,35,0,0,0,0,1,0,23,2,0,112999,3954,395,41400.0,0.035,104.8,0.2,0.4,0.22,0.09,0.78,190,75
AD_1138,Google_Search,Pregakem,Text,Educational,Learn More,TTC_Women,English,3000,Max_Conversions,28,0,0,1,0,0,0,23,2,0,33900,678,67,20700.0,0.02,309.0,0.08,0.6,0.4,0.2,0.9,350,95
AD_1139,Instagram,HealthKart_Women,Video,Ingredient_Science,Shop Now,Wellness,English,8000,Target_ROAS,25,1,0,1,0,0,45,23,2,0,135600,3390,339,55200.0,0.025,162.8,0.18,0.42,0.28,0.12,0.82,240,85
AD_1140,YouTube,Himalaya_BabyCare,Video,Heritage_Trust,Shop Now,Parents_0_3,English,9000,Target_CPA,16,0,0,1,0,0,30,23,2,0,282500,5650,565,62100.0,0.02,109.9,0.12,0.5,0.32,0.1,0.84,260,88
AD_1141,Facebook,FirstCry,Carousel,Discount,Shop Now,Parents_0_3,English,15000,Target_CPA,12,1,1,0,1,1,0,24,3,0,456000,31920,3192,108000.0,0.07,33.8,0.55,0.15,0.04,0.08,0.5,90,35
AD_1142,Instagram,MamEarth_Baby,Video,UGC,Shop Now,Eco_Moms,English,10000,Max_Conversions,20,0,0,0,0,1,30,24,3,0,228000,6840,684,72000.0,0.03,105.3,0.3,0.3,0.15,0.1,0.7,150,65
AD_1143,YouTube,Pampers_India,Video,Emotional,Learn More,New_Parents,English,12000,Target_CPM,15,0,0,0,0,1,60,24,3,0,570000,14250,1425,86400.0,0.025,60.6,0.25,0.35,0.2,0.05,0.75,180,70
AD_1144,Facebook,Huggies_India,Image,Lifestyle,Learn More,New_Parents,English,11000,Max_Clicks,18,0,0,0,0,1,0,24,3,0,513000,12312,1231,79200.0,0.024,64.3,0.24,0.34,0.18,0.06,0.72,160,68
AD_1145,Google_Search,PharmEasy_Baby,Text,Doctor_Expert,Book Now,Health_Moms,English,5000,Target_ROAS,30,1,0,1,1,0,0,24,3,0,91200,1368,136,36000.0,0.015,264.7,0.1,0.55,0.35,0.15,0.85,300,90
AD_1146,Facebook,Healofy,Image,Community,Install App,Vernacular,Telugu,4000,Target_CPA,22,0,0,0,0,1,0,24,3,0,57000,2280,228,28800.0,0.04,126.3,0.15,0.45,0.25,0.08,0.8,210,80
AD_1147,Instagram,BabyChakra,Carousel,Testimonial,Install App,Expecting,English,6000,Target_CPA,35,0,0,0,0,1,0,24,3,0,114000,3990,399,43200.0,0.035,108.3,0.2,0.4,0.22,0.09,0.78,190,75
AD_1148,Google_Search,Pregakem,Text,Educational,Learn More,TTC_Women,English,3000,Max_Conversions,28,0,0,1,0,0,0,24,3,0,34200,684,68,21600.0,0.02,317.6,0.08,0.6,0.4,0.2,0.9,350,95
AD_1149,Instagram,HealthKart_Women,Video,Ingredient_Science,Shop Now,Wellness,English,8000,Target_ROAS,25,1,0,1,0,0,45,24,3,0,136800,3420,342,57600.0,0.025,168.4,0.18,0.42,0.28,0.12,0.82,240,85
AD_1150,YouTube,Himalaya_BabyCare,Video,Heritage_Trust,Shop Now,Parents_0_3,English,9000,Target_CPA,16,0,0,1,0,0,30,24,3,0,285000,5700,570,64800.0,0.02,113.7,0.12,0.5,0.32,0.1,0.84,260,88
AD_1151,Facebook,FirstCry,Carousel,Discount,Shop Now,Parents_0_3,English,15000,Target_CPA,12,1,1,0,1,1,0,25,4,0,459999,32199,3219,112500.0,0.07,34.9,0.55,0.15,0.04,0.08,0.5,90,35
AD_1152,Instagram,MamEarth_Baby,Video,UGC,Shop Now,Eco_Moms,English,10000,Max_Conversions,20,0,0,0,0,1,30,25,4,0,229999,6899,689,75000.0,0.03,108.9,0.3,0.3,0.15,0.1,0.7,150,65
AD_1153,YouTube,Pampers_India,Video,Emotional,Learn More,New_Parents,English,12000,Target_CPM,15,0,0,0,0,1,60,25,4,0,575000,14375,1437,90000.0,0.025,62.6,0.25,0.35,0.2,0.05,0.75,180,70
AD_1154,Facebook,Huggies_India,Image,Lifestyle,Learn More,New_Parents,English,11000,Max_Clicks,18,0,0,0,0,1,0,25,4,0,517499,12419,1241,82500.0,0.024,66.5,0.24,0.34,0.18,0.06,0.72,160,68
AD_1155,Google_Search,PharmEasy_Baby,Text,Doctor_Expert,Book Now,Health_Moms,English,5000,Target_ROAS,30,1,0,1,1,0,0,25,4,0,92000,1380,138,37500.0,0.015,271.7,0.1,0.55,0.35,0.15,0.85,300,90
AD_1156,Facebook,Healofy,Image,Community,Install App,Vernacular,Hindi,4000,Target_CPA,22,0,0,0,0,1,0,25,4,0,57499,2299,229,30000.0,0.04,131.0,0.15,0.45,0.25,0.08,0.8,210,80
AD_1157,Instagram,BabyChakra,Carousel,Testimonial,Install App,Expecting,English,6000,Target_CPA,35,0,0,0,0,1,0,25,4,0,114999,4024,402,45000.0,0.035,111.9,0.2,0.4,0.22,0.09,0.78,190,75
AD_1158,Google_Search,Pregakem,Text,Educational,Learn More,TTC_Women,English,3000,Max_Conversions,28,0,0,1,0,0,0,25,4,0,34500,690,69,22500.0,0.02,326.1,0.08,0.6,0.4,0.2,0.9,350,95
AD_1159,Instagram,HealthKart_Women,Video,Ingredient_Science,Shop Now,Wellness,English,8000,Target_ROAS,25,1,0,1,0,0,45,25,4,0,138000,3450,345,60000.0,0.025,173.9,0.18,0.42,0.28,0.12,0.82,240,85
AD_1160,YouTube,Himalaya_BabyCare,Video,Heritage_Trust,Shop Now,Parents_0_3,English,9000,Target_CPA,16,0,0,1,0,0,30,25,4,0,287500,5750,575,67500.0,0.02,117.4,0.12,0.5,0.32,0.1,0.84,260,88
AD_1161,Facebook,FirstCry,Carousel,Discount,Shop Now,Parents_0_3,English,15000,Target_CPA,12,1,1,0,1,1,0,26,5,0,463999,32479,3247,117000.0,0.07,36.0,0.55,0.15,0.04,0.08,0.5,90,35
AD_1162,Instagram,MamEarth_Baby,Video,UGC,Shop Now,Eco_Moms,English,10000,Max_Conversions,20,0,0,0,0,1,30,26,5,0,231999,6959,695,78000.0,0.03,112.2,0.3,0.3,0.15,0.1,0.7,150,65
AD_1163,YouTube,Pampers_India,Video,Emotional,Learn More,New_Parents,English,12000,Target_CPM,15,0,0,0,0,1,60,26,5,0,580000,14500,1450,93600.0,0.025,64.6,0.25,0.35,0.2,0.05,0.75,180,70
AD_1164,Facebook,Huggies_India,Image,Lifestyle,Learn More,New_Parents,English,11000,Max_Clicks,18,0,0,0,0,1,0,26,5,0,521999,12527,1252,85800.0,0.024,68.5,0.24,0.34,0.18,0.06,0.72,160,68
AD_1165,Google_Search,PharmEasy_Baby,Text,Doctor_Expert,Book Now,Health_Moms,English,5000,Target_ROAS,30,1,0,1,1,0,0,26,5,0,92800,1392,139,39000.0,0.015,280.6,0.1,0.55,0.35,0.15,0.85,300,90
AD_1166,Facebook,Healofy,Image,Community,Install App,Vernacular,Tamil,4000,Target_CPA,22,0,0,0,0,1,0,26,5,0,57999,2319,231,31200.0,0.04,135.1,0.15,0.45,0.25,0.08,0.8,210,80
AD_1167,Instagram,BabyChakra,Carousel,Testimonial,Install App,Expecting,English,6000,Target_CPA,35,0,0,0,0,1,0,26,5,0,115999,4059,405,46800.0,0.035,115.6,0.2,0.4,0.22,0.09,0.78,190,75
AD_1168,Google_Search,Pregakem,Text,Educational,Learn More,TTC_Women,English,3000,Max_Conversions,28,0,0,1,0,0,0,26,5,0,34800,696,69,23400.0,0.02,339.1,0.08,0.6,0.4,0.2,0.9,350,95
AD_1169,Instagram,HealthKart_Women,Video,Ingredient_Science,Shop Now,Wellness,English,8000,Target_ROAS,25,1,0,1,0,0,45,26,5,0,139200,3480,348,62400.0,0.025,179.3,0.18,0.42,0.28,0.12,0.82,240,85
AD_1170,YouTube,Himalaya_BabyCare,Video,Heritage_Trust,Shop Now,Parents_0_3,English,9000,Target_CPA,16,0,0,1,0,0,30,26,5,0,290000,5800,580,70200.0,0.02,121.0,0.12,0.5,0.32,0.1,0.84,260,88
AD_1171,Facebook,FirstCry,Carousel,Discount,Shop Now,Parents_0_3,English,15000,Target_CPA,12,1,1,0,1,1,0,27,6,0,468000,32760,3276,121500.0,0.07,37.1,0.55,0.15,0.04,0.08,0.5,90,35
AD_1172,Instagram,MamEarth_Baby,Video,UGC,Shop Now,Eco_Moms,English,10000,Max_Conversions,20,0,0,0,0,1,30,27,6,0,234000,7020,702,81000.0,0.03,115.4,0.3,0.3,0.15,0.1,0.7,150,65
AD_1173,YouTube,Pampers_India,Video,Emotional,Learn More,New_Parents,English,12000,Target_CPM,15,0,0,0,0,1,60,27,6,0,585000,14625,1462,97200.0,0.025,66.5,0.25,0.35,0.2,0.05,0.75,180,70
AD_1174,Facebook,Huggies_India,Image,Lifestyle,Learn More,New_Parents,English,11000,Max_Clicks,18,0,0,0,0,1,0,27,6,0,526500,12636,1263,89100.0,0.024,70.5,0.24,0.34,0.18,0.06,0.72,160,68
AD_1175,Google_Search,PharmEasy_Baby,Text,Doctor_Expert,Book Now,Health_Moms,English,5000,Target_ROAS,30,1,0,1,1,0,0,27,6,0,93600,1404,140,40500.0,0.015,289.3,0.1,0.55,0.35,0.15,0.85,300,90
AD_1176,Facebook,Healofy,Image,Community,Install App,Vernacular,Telugu,4000,Target_CPA,22,0,0,0,0,1,0,27,6,0,58500,2340,234,32400.0,0.04,138.5,0.15,0.45,0.25,0.08,0.8,210,80
AD_1177,Instagram,BabyChakra,Carousel,Testimonial,Install App,Expecting,English,6000,Target_CPA,35,0,0,0,0,1,0,27,6,0,117000,4095,409,48600.0,0.035,118.8,0.2,0.4,0.22,0.09,0.78,190,75
AD_1178,Google_Search,Pregakem,Text,Educational,Learn More,TTC_Women,English,3000,Max_Conversions,28,0,0,1,0,0,0,27,6,0,35100,702,70,24300.0,0.02,347.1,0.08,0.6,0.4,0.2,0.9,350,95
AD_1179,Instagram,HealthKart_Women,Video,Ingredient_Science,Shop Now,Wellness,English,8000,Target_ROAS,25,1,0,1,0,0,45,27,6,0,140400,3510,351,64800.0,0.025,184.6,0.18,0.42,0.28,0.12,0.82,240,85
AD_1180,YouTube,Himalaya_BabyCare,Video,Heritage_Trust,Shop Now,Parents_0_3,English,9000,Target_CPA,16,0,0,1,0,0,30,27,6,0,292500,5850,585,72900.0,0.02,124.6,0.12,0.5,0.32,0.1,0.84,260,88
AD_1181,Facebook,FirstCry,Carousel,Discount,Shop Now,Parents_0_3,English,15000,Target_CPA,12,1,1,0,1,1,0,28,7,0,472000,33040,3304,126000.0,0.07,38.1,0.55,0.15,0.04,0.08,0.5,90,35
AD_1182,Instagram,MamEarth_Baby,Video,UGC,Shop Now,Eco_Moms,English,10000,Max_Conversions,20,0,0,0,0,1,30,28,7,0,236000,7080,708,84000.0,0.03,118.6,0.3,0.3,0.15,0.1,0.7,150,65
AD_1183,YouTube,Pampers_India,Video,Emotional,Learn More,New_Parents,English,12000,Target_CPM,15,0,0,0,0,1,60,28,7,0,590000,14750,1475,100800.0,0.025,68.3,0.25,0.35,0.2,0.05,0.75,180,70
AD_1184,Facebook,Huggies_India,Image,Lifestyle,Learn More,New_Parents,English,11000,Max_Clicks,18,0,0,0,0,1,0,28,7,0,531000,12744,1274,92400.0,0.024,72.5,0.24,0.34,0.18,0.06,0.72,160,68
AD_1185,Google_Search,PharmEasy_Baby,Text,Doctor_Expert,Book Now,Health_Moms,English,5000,Target_ROAS,30,1,0,1,1,0,0,28,7,0,94400,1416,141,42000.0,0.015,297.9,0.1,0.55,0.35,0.15,0.85,300,90
AD_1186,Facebook,Healofy,Image,Community,Install App,Vernacular,Hindi,4000,Target_CPA,22,0,0,0,0,1,0,28,7,0,59000,2360,236,33600.0,0.04,142.4,0.15,0.45,0.25,0.08,0.8,210,80
AD_1187,Instagram,BabyChakra,Carousel,Testimonial,Install App,Expecting,English,6000,Target_CPA,35,0,0,0,0,1,0,28,7,0,118000,4130,413,50400.0,0.035,122.0,0.2,0.4,0.22,0.09,0.78,190,75
AD_1188,Google_Search,Pregakem,Text,Educational,Learn More,TTC_Women,English,3000,Max_Conversions,28,0,0,1,0,0,0,28,7,0,35400,708,70,25200.0,0.02,360.0,0.08,0.6,0.4,0.2,0.9,350,95
AD_1189,Instagram,HealthKart_Women,Video,Ingredient_Science,Shop Now,Wellness,English,8000,Target_ROAS,25,1,0,1,0,0,45,28,7,0,141600,3540,354,67200.0,0.025,189.8,0.18,0.42,0.28,0.12,0.82,240,85
AD_1190,YouTube,Himalaya_BabyCare,Video,Heritage_Trust,Shop Now,Parents_0_3,English,9000,Target_CPA,16,0,0,1,0,0,30,28,7,0,295000,5900,590,75600.0,0.02,128.1,0.12,0.5,0.32,0.1,0.84,260,88
AD_1191,Facebook,FirstCry,Carousel,Discount,Shop Now,Parents_0_3,English,15000,Target_CPA,12,1,1,0,1,1,0,29,8,0,476000,33320,3332,130500.0,0.07,39.2,0.55,0.15,0.04,0.08,0.5,90,35
AD_1192,Instagram,MamEarth_Baby,Video,UGC,Shop Now,Eco_Moms,English,10000,Max_Conversions,20,0,0,0,0,1,30,29,8,0,238000,7140,714,87000.0,0.03,121.8,0.3,0.3,0.15,0.1,0.7,150,65
AD_1193,YouTube,Pampers_India,Video,Emotional,Learn More,New_Parents,English,12000,Target_CPM,15,0,0,0,0,1,60,29,8,0,595000,14875,1487,104400.0,0.025,70.2,0.25,0.35,0.2,0.05,0.75,180,70
AD_1194,Facebook,Huggies_India,Image,Lifestyle,Learn More,New_Parents,English,11000,Max_Clicks,18,0,0,0,0,1,0,29,8,0,535500,12852,1285,95700.0,0.024,74.5,0.24,0.34,0.18,0.06,0.72,160,68
AD_1195,Google_Search,PharmEasy_Baby,Text,Doctor_Expert,Book Now,Health_Moms,English,5000,Target_ROAS,30,1,0,1,1,0,0,29,8,0,95200,1428,142,43500.0,0.015,306.3,0.1,0.55,0.35,0.15,0.85,300,90
AD_1196,Facebook,Healofy,Image,Community,Install App,Vernacular,Tamil,4000,Target_CPA,22,0,0,0,0,1,0,29,8,0,59500,2380,238,34800.0,0.04,146.2,0.15,0.45,0.25,0.08,0.8,210,80
AD_1197,Instagram,BabyChakra,Carousel,Testimonial,Install App,Expecting,English,6000,Target_CPA,35,0,0,0,0,1,0,29,8,0,119000,4165,416,52200.0,0.035,125.5,0.2,0.4,0.22,0.09,0.78,190,75
AD_1198,Google_Search,Pregakem,Text,Educational,Learn More,TTC_Women,English,3000,Max_Conversions,28,0,0,1,0,0,0,29,8,0,35700,714,71,26100.0,0.02,367.6,0.08,0.6,0.4,0.2,0.9,350,95
AD_1199,Instagram,HealthKart_Women,Video,Ingredient_Science,Shop Now,Wellness,English,8000,Target_ROAS,25,1,0,1,0,0,45,29,8,0,142800,3570,357,69600.0,0.025,195.0,0.18,0.42,0.28,0.12,0.82,240,85
AD_1200,YouTube,Himalaya_BabyCare,Video,Heritage_Trust,Shop Now,Parents_0_3,English,9000,Target_CPA,16,0,0,1,0,0,30,29,8,0,297500,5950,595,78300.0,0.02,131.6,0.12,0.5,0.32,0.1,0.84,260,88
AD_1201,Facebook,FirstCry,Carousel,Discount,Shop Now,Parents_0_3,English,15000,Target_CPA,12,1,1,0,1,1,0,30,9,0,480000,33600,3360,135000.0,0.07,40.2,0.55,0.15,0.04,0.08,0.5,90,35
AD_1202,Instagram,MamEarth_Baby,Video,UGC,Shop Now,Eco_Moms,English,10000,Max_Conversions,20,0,0,0,0,1,30,30,9,0,240000,7200,720,90000.0,0.03,125.0,0.3,0.3,0.15,0.1,0.7,150,65
AD_1203,YouTube,Pampers_India,Video,Emotional,Learn More,New_Parents,English,12000,Target_CPM,15,0,0,0,0,1,60,30,9,0,600000,15000,1500,108000.0,0.025,72.0,0.25,0.35,0.2,0.05,0.75,180,70
AD_1204,Facebook,Huggies_India,Image,Lifestyle,Learn More,New_Parents,English,11000,Max_Clicks,18,0,0,0,0,1,0,30,9,0,540000,12960,1296,99000.0,0.024,76.4,0.24,0.34,0.18,0.06,0.72,160,68
AD_1205,Google_Search,PharmEasy_Baby,Text,Doctor_Expert,Book Now,Health_Moms,English,5000,Target_ROAS,30,1,0,1,1,0,0,30,9,0,96000,1440,144,45000.0,0.015,312.5,0.1,0.55,0.35,0.15,0.85,300,90
AD_1206,Facebook,Healofy,Image,Community,Install App,Vernacular,Telugu,4000,Target_CPA,22,0,0,0,0,1,0,30,9,0,60000,2400,240,36000.0,0.04,150.0,0.15,0.45,0.25,0.08,0.8,210,80
AD_1207,Instagram,BabyChakra,Carousel,Testimonial,Install App,Expecting,English,6000,Target_CPA,35,0,0,0,0,1,0,30,9,0,120000,4200,420,54000.0,0.035,128.6,0.2,0.4,0.22,0.09,0.78,190,75
AD_1208,Google_Search,Pregakem,Text,Educational,Learn More,TTC_Women,English,3000,Max_Conversions,28,0,0,1,0,0,0,30,9,0,36000,720,72,27000.0,0.02,375.0,0.08,0.6,0.4,0.2,0.9,350,95
AD_1209,Instagram,HealthKart_Women,Video,Ingredient_Science,Shop Now,Wellness,English,8000,Target_ROAS,25,1,0,1,0,0,45,30,9,0,144000,3600,360,72000.0,0.025,200.0,0.18,0.42,0.28,0.12,0.82,240,85
AD_1210,YouTube,Himalaya_BabyCare,Video,Heritage_Trust,Shop Now,Parents_0_3,English,9000,Target_CPA,16,0,0,1,0,0,30,30,9,0,300000,6000,600,81000.0,0.02,135.0,0.12,0.5,0.32,0.1,0.84,260,88
AD_1211,Facebook,FirstCry,Carousel,Discount,Shop Now,Parents_0_3,English,15000,Target_CPA,12,1,1,0,1,1,0,31,10,0,484000,33880,3388,139500.0,0.07,41.2,0.55,0.15,0.04,0.08,0.5,90,35
AD_1212,Instagram,MamEarth_Baby,Video,UGC,Shop Now,Eco_Moms,English,10000,Max_Conversions,20,0,0,0,0,1,30,31,10,0,242000,7260,726,93000.0,0.03,128.1,0.3,0.3,0.15,0.1,0.7,150,65
AD_1213,YouTube,Pampers_India,Video,Emotional,Learn More,New_Parents,English,12000,Target_CPM,15,0,0,0,0,1,60,31,10,0,605000,15125,1512,111600.0,0.025,73.8,0.25,0.35,0.2,0.05,0.75,180,70
AD_1214,Facebook,Huggies_India,Image,Lifestyle,Learn More,New_Parents,English,11000,Max_Clicks,18,0,0,0,0,1,0,31,10,0,544500,13068,1306,102300.0,0.024,78.3,0.24,0.34,0.18,0.06,0.72,160,68
AD_1215,Google_Search,PharmEasy_Baby,Text,Doctor_Expert,Book Now,Health_Moms,English,5000,Target_ROAS,30,1,0,1,1,0,0,31,10,0,96800,1452,145,46500.0,0.015,320.7,0.1,0.55,0.35,0.15,0.85,300,90
AD_1216,Facebook,Healofy,Image,Community,Install App,Vernacular,Hindi,4000,Target_CPA,22,0,0,0,0,1,0,31,10,0,60500,2420,242,37200.0,0.04,153.7,0.15,0.45,0.25,0.08,0.8,210,80
AD_1217,Instagram,BabyChakra,Carousel,Testimonial,Install App,Expecting,English,6000,Target_CPA,35,0,0,0,0,1,0,31,10,0,121000,4235,423,55800.0,0.035,131.9,0.2,0.4,0.22,0.09,0.78,190,75
AD_1218,Google_Search,Pregakem,Text,Educational,Learn More,TTC_Women,English,3000,Max_Conversions,28,0,0,1,0,0,0,31,10,0,36300,726,72,27900.0,0.02,387.5,0.08,0.6,0.4,0.2,0.9,350,95
AD_1219,Instagram,HealthKart_Women,Video,Ingredient_Science,Shop Now,Wellness,English,8000,Target_ROAS,25,1,0,1,0,0,45,31,10,0,145200,3630,363,74400.0,0.025,205.0,0.18,0.42,0.28,0.12,0.82,240,85
AD_1220,YouTube,Himalaya_BabyCare,Video,Heritage_Trust,Shop Now,Parents_0_3,English,9000,Target_CPA,16,0,0,1,0,0,30,31,10,0,302500,6050,605,83700.0,0.02,138.3,0.12,0.5,0.32,0.1,0.84,260,88
AD_1221,Facebook,FirstCry,Carousel,Discount,Shop Now,Parents_0_3,English,15000,Target_CPA,12,1,1,0,1,1,0,32,11,0,488000,34160,3416,144000.0,0.07,42.2,0.55,0.15,0.04,0.08,0.5,90,35
AD_1222,Instagram,MamEarth_Baby,Video,UGC,Shop Now,Eco_Moms,English,10000,Max_Conversions,20,0,0,0,0,1,30,32,11,0,244000,7320,732,96000.0,0.03,131.1,0.3,0.3,0.15,0.1,0.7,150,65
AD_1223,YouTube,Pampers_India,Video,Emotional,Learn More,New_Parents,English,12000,Target_CPM,15,0,0,0,0,1,60,32,11,0,610000,15250,1525,115200.0,0.025,75.5,0.25,0.35,0.2,0.05,0.75,180,70
AD_1224,Facebook,Huggies_India,Image,Lifestyle,Learn More,New_Parents,English,11000,Max_Clicks,18,0,0,0,0,1,0,32,11,0,549000,13176,1317,105600.0,0.024,80.2,0.24,0.34,0.18,0.06,0.72,160,68
AD_1225,Google_Search,PharmEasy_Baby,Text,Doctor_Expert,Book Now,Health_Moms,English,5000,Target_ROAS,30,1,0,1,1,0,0,32,11,0,97600,1464,146,48000.0,0.015,328.8,0.1,0.55,0.35,0.15,0.85,300,90
AD_1226,Facebook,Healofy,Image,Community,Install App,Vernacular,Tamil,4000,Target_CPA,22,0,0,0,0,1,0,32,11,0,61000,2440,244,38400.0,0.04,157.4,0.15,0.45,0.25,0.08,0.8,210,80
AD_1227,Instagram,BabyChakra,Carousel,Testimonial,Install App,Expecting,English,6000,Target_CPA,35,0,0,0,0,1,0,32,11,0,122000,4270,427,57600.0,0.035,134.9,0.2,0.4,0.22,0.09,0.78,190,75
AD_1228,Google_Search,Pregakem,Text,Educational,Learn More,TTC_Women,English,3000,Max_Conversions,28,0,0,1,0,0,0,32,11,0,36600,732,73,28800.0,0.02,394.5,0.08,0.6,0.4,0.2,0.9,350,95
AD_1229,Instagram,HealthKart_Women,Video,Ingredient_Science,Shop Now,Wellness,English,8000,Target_ROAS,25,1,0,1,0,0,45,32,11,0,146400,3660,366,76800.0,0.025,209.8,0.18,0.42,0.28,0.12,0.82,240,85
AD_1230,YouTube,Himalaya_BabyCare,Video,Heritage_Trust,Shop Now,Parents_0_3,English,9000,Target_CPA,16,0,0,1,0,0,30,32,11,0,305000,6100,610,86400.0,0.02,141.6,0.12,0.5,0.32,0.1,0.84,260,88
AD_1231,Facebook,FirstCry,Carousel,Discount,Shop Now,Parents_0_3,English,15000,Target_CPA,12,1,1,0,1,1,0,33,12,0,492000,34440,3444,148500.0,0.07,43.1,0.55,0.15,0.04,0.08,0.5,90,35
AD_1232,Instagram,MamEarth_Baby,Video,UGC,Shop Now,Eco_Moms,English,10000,Max_Conversions,20,0,0,0,0,1,30,33,12,0,246000,7380,738,99000.0,0.03,134.1,0.3,0.3,0.15,0.1,0.7,150,65
AD_1233,YouTube,Pampers_India,Video,Emotional,Learn More,New_Parents,English,12000,Target_CPM,15,0,0,0,0,1,60,33,12,0,615000,15375,1537,118800.0,0.025,77.3,0.25,0.35,0.2,0.05,0.75,180,70
AD_1234,Facebook,Huggies_India,Image,Lifestyle,Learn More,New_Parents,English,11000,Max_Clicks,18,0,0,0,0,1,0,33,12,0,553500,13284,1328,108900.0,0.024,82.0,0.24,0.34,0.18,0.06,0.72,160,68
AD_1235,Google_Search,PharmEasy_Baby,Text,Doctor_Expert,Book Now,Health_Moms,English,5000,Target_ROAS,30,1,0,1,1,0,0,33,12,0,98400,1476,147,49500.0,0.015,336.7,0.1,0.55,0.35,0.15,0.85,300,90
AD_1236,Facebook,Healofy,Image,Community,Install App,Vernacular,Telugu,4000,Target_CPA,22,0,0,0,0,1,0,33,12,0,61500,2460,246,39600.0,0.04,161.0,0.15,0.45,0.25,0.08,0.8,210,80
AD_1237,Instagram,BabyChakra,Carousel,Testimonial,Install App,Expecting,English,6000,Target_CPA,35,0,0,0,0,1,0,33,12,0,123000,4305,430,59400.0,0.035,138.1,0.2,0.4,0.22,0.09,0.78,190,75
AD_1238,Google_Search,Pregakem,Text,Educational,Learn More,TTC_Women,English,3000,Max_Conversions,28,0,0,1,0,0,0,33,12,0,36900,738,73,29700.0,0.02,406.8,0.08,0.6,0.4,0.2,0.9,350,95
AD_1239,Instagram,HealthKart_Women,Video,Ingredient_Science,Shop Now,Wellness,English,8000,Target_ROAS,25,1,0,1,0,0,45,33,12,0,147600,3690,369,79200.0,0.025,214.6,0.18,0.42,0.28,0.12,0.82,240,85
AD_1240,YouTube,Himalaya_BabyCare,Video,Heritage_Trust,Shop Now,Parents_0_3,English,9000,Target_CPA,16,0,0,1,0,0,30,33,12,0,307500,6150,615,89100.0,0.02,144.9,0.12,0.5,0.32,0.1,0.84,260,88
AD_1241,Facebook,FirstCry,Carousel,Discount,Shop Now,Parents_0_3,English,15000,Target_CPA,12,1,1,0,1,1,0,34,1,0,496000,34720,3472,153000.0,0.07,44.1,0.55,0.15,0.04,0.08,0.5,90,35
AD_1242,Instagram,MamEarth_Baby,Video,UGC,Shop Now,Eco_Moms,English,10000,Max_Conversions,20,0,0,0,0,1,30,34,1,0,248000,7440,744,102000.0,0.03,137.1,0.3,0.3,0.15,0.1,0.7,150,65
AD_1243,YouTube,Pampers_India,Video,Emotional,Learn More,New_Parents,English,12000,Target_CPM,15,0,0,0,0,1,60,34,1,0,620000,15500,1550,122400.0,0.025,79.0,0.25,0.35,0.2,0.05,0.75,180,70
AD_1244,Facebook,Huggies_India,Image,Lifestyle,Learn More,New_Parents,English,11000,Max_Clicks,18,0,0,0,0,1,0,34,1,0,558000,13392,1339,112200.0,0.024,83.8,0.24,0.34,0.18,0.06,0.72,160,68
AD_1245,Google_Search,PharmEasy_Baby,Text,Doctor_Expert,Book Now,Health_Moms,English,5000,Target_ROAS,30,1,0,1,1,0,0,34,1,0,99200,1488,148,51000.0,0.015,344.6,0.1,0.55,0.35,0.15,0.85,300,90
AD_1246,Facebook,Healofy,Image,Community,Install App,Vernacular,Hindi,4000,Target_CPA,22,0,0,0,0,1,0,34,1,0,62000,2480,248,40800.0,0.04,164.5,0.15,0.45,0.25,0.08,0.8,210,80
AD_1247,Instagram,BabyChakra,Carousel,Testimonial,Install App,Expecting,English,6000,Target_CPA,35,0,0,0,0,1,0,34,1,0,124000,4340,434,61200.0,0.035,141.0,0.2,0.4,0.22,0.09,0.78,190,75
AD_1248,Google_Search,Pregakem,Text,Educational,Learn More,TTC_Women,English,3000,Max_Conversions,28,0,0,1,0,0,0,34,1,0,37200,744,74,30600.0,0.02,413.5,0.08,0.6,0.4,0.2,0.9,350,95
AD_1249,Instagram,HealthKart_Women,Video,Ingredient_Science,Shop Now,Wellness,English,8000,Target_ROAS,25,1,0,1,0,0,45,34,1,0,148800,3720,372,81600.0,0.025,219.4,0.18,0.42,0.28,0.12,0.82,240,85
AD_1250,YouTube,Himalaya_BabyCare,Video,Heritage_Trust,Shop Now,Parents_0_3,English,9000,Target_CPA,16,0,0,1,0,0,30,34,1,0,310000,6200,620,91800.0,0.02,148.1,0.12,0.5,0.32,0.1,0.84,260,88
AD_1251,Facebook,FirstCry,Carousel,Discount,Shop Now,Parents_0_3,English,15000,Target_CPA,12,1,1,0,1,1,0,35,2,0,500000,35000,3500,157500.0,0.07,45.0,0.55,0.15,0.04,0.08,0.5,90,35
AD_1252,Instagram,MamEarth_Baby,Video,UGC,Shop Now,Eco_Moms,English,10000,Max_Conversions,20,0,0,0,0,1,30,35,2,0,250000,7500,750,105000.0,0.03,140.0,0.3,0.3,0.15,0.1,0.7,150,65
AD_1253,YouTube,Pampers_India,Video,Emotional,Learn More,New_Parents,English,12000,Target_CPM,15,0,0,0,0,1,60,35,2,0,625000,15625,1562,126000.0,0.025,80.7,0.25,0.35,0.2,0.05,0.75,180,70
AD_1254,Facebook,Huggies_India,Image,Lifestyle,Learn More,New_Parents,English,11000,Max_Clicks,18,0,0,0,0,1,0,35,2,0,562500,13500,1350,115500.0,0.024,85.6,0.24,0.34,0.18,0.06,0.72,160,68
AD_1255,Google_Search,PharmEasy_Baby,Text,Doctor_Expert,Book Now,Health_Moms,English,5000,Target_ROAS,30,1,0,1,1,0,0,35,2,0,100000,1500,150,52500.0,0.015,350.0,0.1,0.55,0.35,0.15,0.85,300,90
AD_1256,Facebook,Healofy,Image,Community,Install App,Vernacular,Tamil,4000,Target_CPA,22,0,0,0,0,1,0,35,2,0,62500,2500,250,42000.0,0.04,168.0,0.15,0.45,0.25,0.08,0.8,210,80
AD_1257,Instagram,BabyChakra,Carousel,Testimonial,Install App,Expecting,English,6000,Target_CPA,35,0,0,0,0,1,0,35,2,0,125000,4375,437,63000.0,0.035,144.2,0.2,0.4,0.22,0.09,0.78,190,75
AD_1258,Google_Search,Pregakem,Text,Educational,Learn More,TTC_Women,English,3000,Max_Conversions,28,0,0,1,0,0,0,35,2,0,37500,750,75,31500.0,0.02,420.0,0.08,0.6,0.4,0.2,0.9,350,95
AD_1259,Instagram,HealthKart_Women,Video,Ingredient_Science,Shop Now,Wellness,English,8000,Target_ROAS,25,1,0,1,0,0,45,35,2,0,150000,3750,375,84000.0,0.025,224.0,0.18,0.42,0.28,0.12,0.82,240,85
AD_1260,YouTube,Himalaya_BabyCare,Video,Heritage_Trust,Shop Now,Parents_0_3,English,9000,Target_CPA,16,0,0,1,0,0,30,35,2,0,312500,6250,625,94500.0,0.02,151.2,0.12,0.5,0.32,0.1,0.84,260,88
AD_1261,Facebook,FirstCry,Carousel,Discount,Shop Now,Parents_0_3,English,15000,Target_CPA,12,1,1,0,1,1,0,36,3,0,504000,35280,3528,162000.0,0.07,45.9,0.55,0.15,0.04,0.08,0.5,90,35
AD_1262,Instagram,MamEarth_Baby,Video,UGC,Shop Now,Eco_Moms,English,10000,Max_Conversions,20,0,0,0,0,1,30,36,3,0,252000,7560,756,108000.0,0.03,142.9,0.3,0.3,0.15,0.1,0.7,150,65
AD_1263,YouTube,Pampers_India,Video,Emotional,Learn More,New_Parents,English,12000,Target_CPM,15,0,0,0,0,1,60,36,3,0,630000,15750,1575,129600.0,0.025,82.3,0.25,0.35,0.2,0.05,0.75,180,70
AD_1264,Facebook,Huggies_India,Image,Lifestyle,Learn More,New_Parents,English,11000,Max_Clicks,18,0,0,0,0,1,0,36,3,0,567000,13608,1360,118800.0,0.024,87.4,0.24,0.34,0.18,0.06,0.72,160,68
AD_1265,Google_Search,PharmEasy_Baby,Text,Doctor_Expert,Book Now,Health_Moms,English,5000,Target_ROAS,30,1,0,1,1,0,0,36,3,0,100800,1512,151,54000.0,0.015,357.6,0.1,0.55,0.35,0.15,0.85,300,90
AD_1266,Facebook,Healofy,Image,Community,Install App,Vernacular,Telugu,4000,Target_CPA,22,0,0,0,0,1,0,36,3,0,63000,2520,252,43200.0,0.04,171.4,0.15,0.45,0.25,0.08,0.8,210,80
AD_1267,Instagram,BabyChakra,Carousel,Testimonial,Install App,Expecting,English,6000,Target_CPA,35,0,0,0,0,1,0,36,3,0,126000,4410,441,64800.0,0.035,146.9,0.2,0.4,0.22,0.09,0.78,190,75
AD_1268,Google_Search,Pregakem,Text,Educational,Learn More,TTC_Women,English,3000,Max_Conversions,28,0,0,1,0,0,0,36,3,0,37800,756,75,32400.0,0.02,432.0,0.08,0.6,0.4,0.2,0.9,350,95
AD_1269,Instagram,HealthKart_Women,Video,Ingredient_Science,Shop Now,Wellness,English,8000,Target_ROAS,25,1,0,1,0,0,45,36,3,0,151200,3780,378,86400.0,0.025,228.6,0.18,0.42,0.28,0.12,0.82,240,85
AD_1270,YouTube,Himalaya_BabyCare,Video,Heritage_Trust,Shop Now,Parents_0_3,English,9000,Target_CPA,16,0,0,1,0,0,30,36,3,0,315000,6300,630,97200.0,0.02,154.3,0.12,0.5,0.32,0.1,0.84,260,88
AD_1271,Facebook,FirstCry,Carousel,Discount,Shop Now,Parents_0_3,English,15000,Target_CPA,12,1,1,0,1,1,0,37,4,0,508000,35560,3556,166500.0,0.07,46.8,0.55,0.15,0.04,0.08,0.5,90,35
AD_1272,Instagram,MamEarth_Baby,Video,UGC,Shop Now,Eco_Moms,English,10000,Max_Conversions,20,0,0,0,0,1,30,37,4,0,254000,7620,762,111000.0,0.03,145.7,0.3,0.3,0.15,0.1,0.7,150,65
AD_1273,YouTube,Pampers_India,Video,Emotional,Learn More,New_Parents,English,12000,Target_CPM,15,0,0,0,0,1,60,37,4,0,635000,15875,1587,133200.0,0.025,83.9,0.25,0.35,0.2,0.05,0.75,180,70
AD_1274,Facebook,Huggies_India,Image,Lifestyle,Learn More,New_Parents,English,11000,Max_Clicks,18,0,0,0,0,1,0,37,4,0,571500,13716,1371,122100.0,0.024,89.1,0.24,0.34,0.18,0.06,0.72,160,68
AD_1275,Google_Search,PharmEasy_Baby,Text,Doctor_Expert,Book Now,Health_Moms,English,5000,Target_ROAS,30,1,0,1,1,0,0,37,4,0,101600,1524,152,55500.0,0.015,365.1,0.1,0.55,0.35,0.15,0.85,300,90
AD_1276,Facebook,Healofy,Image,Community,Install App,Vernacular,Hindi,4000,Target_CPA,22,0,0,0,0,1,0,37,4,0,63500,2540,254,44400.0,0.04,174.8,0.15,0.45,0.25,0.08,0.8,210,80
AD_1277,Instagram,BabyChakra,Carousel,Testimonial,Install App,Expecting,English,6000,Target_CPA,35,0,0,0,0,1,0,37,4,0,127000,4445,444,66600.0,0.035,150.0,0.2,0.4,0.22,0.09,0.78,190,75
AD_1278,Google_Search,Pregakem,Text,Educational,Learn More,TTC_Women,English,3000,Max_Conversions,28,0,0,1,0,0,0,37,4,0,38100,762,76,33300.0,0.02,438.2,0.08,0.6,0.4,0.2,0.9,350,95
AD_1279,Instagram,HealthKart_Women,Video,Ingredient_Science,Shop Now,Wellness,English,8000,Target_ROAS,25,1,0,1,0,0,45,37,4,0,152400,3810,381,88800.0,0.025,233.1,0.18,0.42,0.28,0.12,0.82,240,85
AD_1280,YouTube,Himalaya_BabyCare,Video,Heritage_Trust,Shop Now,Parents_0_3,English,9000,Target_CPA,16,0,0,1,0,0,30,37,4,0,317500,6350,635,99900.0,0.02,157.3,0.12,0.5,0.32,0.1,0.84,260,88
AD_1281,Facebook,FirstCry,Carousel,Discount,Shop Now,Parents_0_3,English,15000,Target_CPA,12,1,1,0,1,1,0,38,5,0,512000,35840,3584,171000.0,0.07,47.7,0.55,0.15,0.04,0.08,0.5,90,35
AD_1282,Instagram,MamEarth_Baby,Video,UGC,Shop Now,Eco_Moms,English,10000,Max_Conversions,20,0,0,0,0,1,30,38,5,0,256000,7680,768,114000.0,0.03,148.4,0.3,0.3,0.15,0.1,0.7,150,65
AD_1283,YouTube,Pampers_India,Video,Emotional,Learn More,New_Parents,English,12000,Target_CPM,15,0,0,0,0,1,60,38,5,0,640000,16000,1600,136800.0,0.025,85.5,0.25,0.35,0.2,0.05,0.75,180,70
AD_1284,Facebook,Huggies_India,Image,Lifestyle,Learn More,New_Parents,English,11000,Max_Clicks,18,0,0,0,0,1,0,38,5,0,576000,13824,1382,125400.0,0.024,90.7,0.24,0.34,0.18,0.06,0.72,160,68
AD_1285,Google_Search,PharmEasy_Baby,Text,Doctor_Expert,Book Now,Health_Moms,English,5000,Target_ROAS,30,1,0,1,1,0,0,38,5,0,102400,1536,153,57000.0,0.015,372.5,0.1,0.55,0.35,0.15,0.85,300,90
AD_1286,Facebook,Healofy,Image,Community,Install App,Vernacular,Tamil,4000,Target_CPA,22,0,0,0,0,1,0,38,5,0,64000,2560,256,45600.0,0.04,178.1,0.15,0.45,0.25,0.08,0.8,210,80
AD_1287,Instagram,BabyChakra,Carousel,Testimonial,Install App,Expecting,English,6000,Target_CPA,35,0,0,0,0,1,0,38,5,0,128000,4480,448,68400.0,0.035,152.7,0.2,0.4,0.22,0.09,0.78,190,75
AD_1288,Google_Search,Pregakem,Text,Educational,Learn More,TTC_Women,English,3000,Max_Conversions,28,0,0,1,0,0,0,38,5,0,38400,768,76,34200.0,0.02,450.0,0.08,0.6,0.4,0.2,0.9,350,95
AD_1289,Instagram,HealthKart_Women,Video,Ingredient_Science,Shop Now,Wellness,English,8000,Target_ROAS,25,1,0,1,0,0,45,38,5,0,153600,3840,384,91200.0,0.025,237.5,0.18,0.42,0.28,0.12,0.82,240,85
AD_1290,YouTube,Himalaya_BabyCare,Video,Heritage_Trust,Shop Now,Parents_0_3,English,9000,Target_CPA,16,0,0,1,0,0,30,38,5,0,320000,6400,640,102600.0,0.02,160.3,0.12,0.5,0.32,0.1,0.84,260,88
AD_1291,Facebook,FirstCry,Carousel,Discount,Shop Now,Parents_0_3,English,15000,Target_CPA,12,1,1,0,1,1,0,39,6,0,516000,36120,3612,175500.0,0.07,48.6,0.55,0.15,0.04,0.08,0.5,90,35
AD_1292,Instagram,MamEarth_Baby,Video,UGC,Shop Now,Eco_Moms,English,10000,Max_Conversions,20,0,0,0,0,1,30,39,6,0,258000,7740,774,117000.0,0.03,151.2,0.3,0.3,0.15,0.1,0.7,150,65
AD_1293,YouTube,Pampers_India,Video,Emotional,Learn More,New_Parents,English,12000,Target_CPM,15,0,0,0,0,1,60,39,6,0,645000,16125,1612,140400.0,0.025,87.1,0.25,0.35,0.2,0.05,0.75,180,70
AD_1294,Facebook,Huggies_India,Image,Lifestyle,Learn More,New_Parents,English,11000,Max_Clicks,18,0,0,0,0,1,0,39,6,0,580500,13932,1393,128700.0,0.024,92.4,0.24,0.34,0.18,0.06,0.72,160,68
AD_1295,Google_Search,PharmEasy_Baby,Text,Doctor_Expert,Book Now,Health_Moms,English,5000,Target_ROAS,30,1,0,1,1,0,0,39,6,0,103200,1548,154,58500.0,0.015,379.9,0.1,0.55,0.35,0.15,0.85,300,90
AD_1296,Facebook,Healofy,Image,Community,Install App,Vernacular,Telugu,4000,Target_CPA,22,0,0,0,0,1,0,39,6,0,64500,2580,258,46800.0,0.04,181.4,0.15,0.45,0.25,0.08,0.8,210,80
AD_1297,Instagram,BabyChakra,Carousel,Testimonial,Install App,Expecting,English,6000,Target_CPA,35,0,0,0,0,1,0,39,6,0,129000,4515,451,70200.0,0.035,155.7,0.2,0.4,0.22,0.09,0.78,190,75
AD_1298,Google_Search,Pregakem,Text,Educational,Learn More,TTC_Women,English,3000,Max_Conversions,28,0,0,1,0,0,0,39,6,0,38700,774,77,35100.0,0.02,455.8,0.08,0.6,0.4,0.2,0.9,350,95
AD_1299,Instagram,HealthKart_Women,Video,Ingredient_Science,Shop Now,Wellness,English,8000,Target_ROAS,25,1,0,1,0,0,45,39,6,0,154800,3870,387,93600.0,0.025,241.9,0.18,0.42,0.28,0.12,0.82,240,85
AD_1300,YouTube,Himalaya_BabyCare,Video,Heritage_Trust,Shop Now,Parents_0_3,English,9000,Target_CPA,16,0,0,1,0,0,30,39,6,0,322500,6450,645,105300.0,0.02,163.3,0.12,0.5,0.32,0.1,0.84,260,88